timestamp,tollID,tagRef,tagHomeID,charge
2022-02-10 01:50,OO05,OO3KKV9RF,OO,3.5
2022-02-10 01:58,EG31,NOE1V2ISQ,NO,1.4
2022-02-10 01:59,KO06,NORCBPLJD,NO,1.9
2022-02-10 02:12,OO10,EGSEIMVIH,EG,2.5
2022-02-10 02:26,EG23,NAOURTP0LZ,NAO,1.4
2022-02-10 02:37,NAO15,KOWKTAKPU,KO,2.5
2022-02-10 03:26,AM08,EGYTJXEPQ,EG,2.8
2022-02-10 03:41,NAO12,NAOURTP0LZ,NAO,2.5
2022-02-10 03:53,NAO18,NAOHAFEYUH,NAO,2.5
2022-02-10 04:28,AM05,NAOHAFEYUH,NAO,3.6
2022-02-10 04:29,AM07,OO1B0Z3NX,OO,2.8
2022-02-10 04:36,NAO15,OO3KKV9RF,OO,2.5
2022-02-10 04:54,EG35,EGRHOCN9J,EG,1.0
2022-02-10 05:33,AM09,NAOVZ41NAM,NAO,3.1
2022-02-10 06:23,KO07,KOWKTAKPU,KO,1.85
2022-02-10 06:26,EG16,EGYTJXEPQ,EG,1.2
2022-02-10 06:34,EG37,EGSEIMVIH,EG,1.4
2022-02-10 07:24,GE02,GEJA1WJ0T,GE,14.7
2022-02-10 07:31,NAO33,NAOHL1N13J,NAO,2.5
2022-02-10 07:37,EG26,EG7UR23GD,EG,1.8
2022-02-10 07:38,EG14,AMH9SDBDW,AM,1.2
2022-02-10 07:42,AM04,AMV3A3ZMF,AM,2.2
2022-02-10 08:36,KO05,KOWM31YIH,KO,1.9
2022-02-10 08:45,EG01,NAO5UQPGB7,NAO,3.0
2022-02-10 11:01,NO07,EGF1T2TAL,EG,3.55
2022-02-10 11:05,EG06,KOWKTAKPU,KO,1.7
2022-02-10 11:11,OO05,OO1B0Z3NX,OO,3.5
2022-02-10 12:03,EG05,EGIGQPKI7,EG,1.7
2022-02-10 12:14,AM08,NOE1V2ISQ,NO,2.8
2022-02-10 12:14,KO02,EGIGQPKI7,EG,3.4
2022-02-10 12:31,EG31,KOWKTAKPU,KO,1.4
2022-02-10 12:35,EG07,AMH9SDBDW,AM,1.8
2022-02-10 12:48,EG36,NAONSM43D8,NAO,1.0
2022-02-10 13:08,EG03,NAO09SKDGI,NAO,1.2
2022-02-10 13:48,EG13,KONCXLL4Z,KO,1.2
2022-02-10 14:28,NO07,EGF1T2TAL,EG,3.55
2022-02-10 14:40,NAO12,NAOHL1N13J,NAO,2.5
2022-02-10 14:42,NAO18,NAOBMYOFQE,NAO,2.5
2022-02-10 16:31,KO02,NAOVZ41NAM,NAO,3.4
2022-02-10 16:41,MO05,NAOLY8OZCY,NAO,2.6
2022-02-10 16:56,NAO30,EGUT0CVS4,EG,2.5
2022-02-10 17:29,NAO11,NAOLY8OZCY,NAO,2.5
2022-02-10 18:06,NO11,NAOBMYOFQE,NAO,3.35
2022-02-10 18:08,OO01,OOZSJ49IT,OO,2.3
2022-02-10 18:11,NO05,NAOURTP0LZ,NAO,3.25
2022-02-10 18:24,NAO28,NAONSM43D8,NAO,2.5
2022-02-10 18:34,EG06,EGC11ERTJ,EG,1.7
2022-02-10 18:37,NO05,OO1B0Z3NX,OO,3.25
2022-02-10 19:05,KO10,OO1B0Z3NX,OO,2.05
2022-02-10 19:09,NAO07,NAO5ZJA8DZ,NAO,2.5
2022-02-10 19:25,NAO21,NAO5ZJA8DZ,NAO,2.5
2022-02-10 19:35,MO11,EGC11ERTJ,EG,2.05
2022-02-10 20:39,MO09,AMV3A3ZMF,AM,2.7
2022-02-10 21:03,EG25,EGVWPVS7H,EG,1.8
2022-02-10 21:07,EG07,AMH9SDBDW,AM,1.8
2022-02-10 21:11,NO13,NOE1V2ISQ,NO,4.15
2022-02-10 21:20,AM02,AMXAJI0Y6,AM,2.0
2022-02-10 22:03,AM05,AMH9SDBDW,AM,3.6
2022-02-10 22:55,EG07,EG7UR23GD,EG,1.8
2022-02-10 22:59,NO03,NORCBPLJD,NO,3.25
2022-02-10 23:24,KO02,AMXAJI0Y6,AM,3.4
2022-02-10 23:43,EG05,EGIGQPKI7,EG,1.7
2022-02-10 23:54,EG03,EGUT0CVS4,EG,1.2
2022-02-11 00:02,AM04,MOJCKJLTE,MO,2.2
2022-02-11 00:07,NAO27,EG9CHJ755,EG,2.5
2022-02-11 00:19,OO10,OOQ0OXFQ8,OO,2.5
2022-02-11 00:32,NO08,NOQLL8OS9,NO,3.55
2022-02-11 00:34,KO02,AMHJ7XVG0,AM,3.4
2022-02-11 00:42,KO07,EGC11ERTJ,EG,1.85
2022-02-11 00:50,NAO21,NAOLY8OZCY,NAO,2.5
2022-02-11 01:10,NO05,NAOVZ41NAM,NAO,3.25
2022-02-11 01:17,OO05,AMHJ7XVG0,AM,3.5
2022-02-11 01:29,NO14,OO1B0Z3NX,OO,4.15
2022-02-11 01:51,OO10,OOQ0OXFQ8,OO,2.5
2022-02-11 01:58,NAO20,EG7UR23GD,EG,2.5
2022-02-11 02:02,AM10,GEX7EEDTJ,GE,3.1
2022-02-11 02:38,AM02,AMLJH75LX,AM,2.0
2022-02-11 02:39,EG18,EGIGQPKI7,EG,2.1
2022-02-11 03:28,GE01,GEJA1WJ0T,GE,14.7
2022-02-11 03:54,NO02,NOXFGCAQV,NO,3.85
2022-02-11 04:15,NAO03,EG9CHJ755,EG,2.5
2022-02-11 04:31,EG19,EGVWPVS7H,EG,1.4
2022-02-11 04:34,KO05,KOWM31YIH,KO,1.9
2022-02-11 04:48,OO03,KOWM31YIH,KO,2.4
2022-02-11 05:41,NAO20,NAOVZ41NAM,NAO,2.5
2022-02-11 05:44,NAO26,NAOLY8OZCY,NAO,2.5
2022-02-11 06:31,EG15,EGUT0CVS4,EG,1.2
2022-02-11 06:54,AM08,OO1B0Z3NX,OO,2.8
2022-02-11 07:21,NO10,NAOURTP0LZ,NAO,4.2
2022-02-11 08:16,MO05,MOJCKJLTE,MO,2.6
2022-02-11 08:16,NAO05,KONCXLL4Z,KO,2.5
2022-02-11 08:21,NO03,NOXFGCAQV,NO,3.25
2022-02-11 08:30,NO07,NOE1V2ISQ,NO,3.55
2022-02-11 09:09,MO12,AMH9SDBDW,AM,2.05
2022-02-11 09:12,NO12,NOXFGCAQV,NO,3.35
2022-02-11 09:22,NAO32,NAO5ZJA8DZ,NAO,2.5
2022-02-11 09:28,NO07,NOQLL8OS9,NO,3.55
2022-02-11 09:31,NAO21,NAOHAFEYUH,NAO,2.5
2022-02-11 10:10,OO10,OO1B0Z3NX,OO,2.5
2022-02-11 11:01,NAO28,AMNT3W5UZ,AM,2.5
2022-02-11 11:18,AM02,NO7PTX63C,NO,2.0
2022-02-11 11:19,NO07,NO7PTX63C,NO,3.55
2022-02-11 12:13,NO03,NORCBPLJD,NO,3.25
2022-02-11 12:46,AM04,AMNT3W5UZ,AM,2.2
2022-02-11 13:01,EG36,MOJCKJLTE,MO,1.0
2022-02-11 13:05,EG19,EGF1T2TAL,EG,1.4
2022-02-11 13:07,AM01,AMXAJI0Y6,AM,2.0
2022-02-11 13:41,EG25,EGUT0CVS4,EG,1.8
2022-02-11 14:12,OO02,NAOLY8OZCY,NAO,2.3
2022-02-11 14:54,NO06,AMHJ7XVG0,AM,3.25
2022-02-11 15:09,NAO37,NAOURTP0LZ,NAO,2.5
2022-02-11 15:10,KO01,OO3KKV9RF,OO,3.4
2022-02-11 15:11,NAO39,EGIGQPKI7,EG,2.5
2022-02-11 15:24,NO10,OO1B0Z3NX,OO,4.2
2022-02-11 16:23,NAO27,OOQ0OXFQ8,OO,2.5
2022-02-11 17:42,MO09,MOJCKJLTE,MO,2.7
2022-02-11 17:47,NAO29,EGC11ERTJ,EG,2.5
2022-02-11 17:47,NAO41,NAO09SKDGI,NAO,2.5
2022-02-11 18:00,EG20,EGIGQPKI7,EG,1.4
2022-02-11 18:11,EG22,NAO5UQPGB7,NAO,1.6
2022-02-11 18:11,EG11,EGRHOCN9J,EG,0.5
2022-02-11 18:12,EG29,EGC11ERTJ,EG,1.5
2022-02-11 18:41,EG17,EGYTJXEPQ,EG,2.1
2022-02-11 18:43,EG09,EG9CHJ755,EG,0.9
2022-02-11 20:12,AM01,AMHJ7XVG0,AM,2.0
2022-02-11 20:18,AM04,AMLJH75LX,AM,2.2
2022-02-11 20:55,EG15,EGF1T2TAL,EG,1.2
2022-02-11 21:13,NAO26,EGF1T2TAL,EG,2.5
2022-02-11 21:25,NAO26,NAOHAFEYUH,NAO,2.5
2022-02-11 21:30,NO03,NOXFGCAQV,NO,3.25
2022-02-11 21:35,EG12,EGC11ERTJ,EG,0.5
2022-02-11 21:50,NAO24,NAOHL1N13J,NAO,2.5
2022-02-11 22:21,NO01,NO7PTX63C,NO,3.85
2022-02-11 22:28,NAO19,NAOHAFEYUH,NAO,2.5
2022-02-11 23:03,NAO21,NAOHL1N13J,NAO,2.5
2022-02-11 23:25,OO06,OOQ0OXFQ8,OO,3.5
2022-02-11 23:34,EG34,NAOBMYOFQE,NAO,2.0
2022-02-11 23:53,NAO11,NAO09SKDGI,NAO,2.5
2022-02-12 00:29,NAO01,NAOP0J43D5,NAO,2.5
2022-02-12 01:11,EG19,KONCXLL4Z,KO,1.4
2022-02-12 01:21,EG29,EGYTJXEPQ,EG,1.5
2022-02-12 01:22,NO07,NOE1V2ISQ,NO,3.55
2022-02-12 01:39,AM05,AMHJ7XVG0,AM,3.6
2022-02-12 01:45,EG33,EGYTJXEPQ,EG,2.0
2022-02-12 03:01,OO06,OOQ0OXFQ8,OO,3.5
2022-02-12 03:45,KO01,NOXFGCAQV,NO,3.4
2022-02-12 04:03,OO01,OOZSJ49IT,OO,2.3
2022-02-12 04:15,NAO38,NAO5ZJA8DZ,NAO,2.5
2022-02-12 04:53,EG19,EGYTJXEPQ,EG,1.4
2022-02-12 04:53,NAO06,NAO5UQPGB7,NAO,2.5
2022-02-12 04:54,KO09,KOWM31YIH,KO,2.05
2022-02-12 05:31,KO01,OO3KKV9RF,OO,3.4
2022-02-12 05:42,AM09,AMXAJI0Y6,AM,3.1
2022-02-12 06:03,EG36,NOE1V2ISQ,NO,1.0
2022-02-12 06:35,EG06,EGIGQPKI7,EG,1.7
2022-02-12 07:22,EG15,NOXFGCAQV,NO,1.2
2022-02-12 08:19,NO04,NOXFGCAQV,NO,3.25
2022-02-12 08:55,EG09,NAOP0J43D5,NAO,0.9
2022-02-12 09:08,OO01,AMLJH75LX,AM,2.3
2022-02-12 09:14,EG08,EGVWPVS7H,EG,1.8
2022-02-12 09:20,AM02,AMV3A3ZMF,AM,2.0
2022-02-12 09:43,KO09,EGIGQPKI7,EG,2.05
2022-02-12 11:03,AM08,AMNT3W5UZ,AM,2.8
2022-02-12 11:34,OO02,OO3KKV9RF,OO,2.3
2022-02-12 11:50,EG05,EGC11ERTJ,EG,1.7
2022-02-12 12:32,NO01,NOE1V2ISQ,NO,3.85
2022-02-12 12:49,EG37,EGIGQPKI7,EG,1.4
2022-02-12 12:54,NAO35,NAOBMYOFQE,NAO,2.5
2022-02-12 13:24,AM09,NAOVZ41NAM,NAO,3.1
2022-02-12 14:11,OO07,EGC11ERTJ,EG,1.9
2022-02-12 15:00,EG25,EGUT0CVS4,EG,1.8
2022-02-12 15:47,OO08,OOZSJ49IT,OO,1.9
2022-02-12 16:28,NAO31,OO7PZE9VI,OO,2.5
2022-02-12 16:53,NO06,EGVWPVS7H,EG,3.25
2022-02-12 16:53,EG31,EGYTJXEPQ,EG,1.4
2022-02-12 17:05,EG05,EGIGQPKI7,EG,1.7
2022-02-12 17:07,NO07,NO7PTX63C,NO,3.55
2022-02-12 17:35,NAO11,NAOLY8OZCY,NAO,2.5
2022-02-12 17:47,NAO20,AMH9SDBDW,AM,2.5
2022-02-12 17:55,NAO03,EG9CHJ755,EG,2.5
2022-02-12 18:13,GE02,KOWKTAKPU,KO,14.7
2022-02-12 18:34,NAO20,NOQLL8OS9,NO,2.5
2022-02-12 18:54,EG16,NAO09SKDGI,NAO,1.2
2022-02-12 19:08,OO04,OOQ0OXFQ8,OO,2.4
2022-02-12 19:09,NAO15,NOE1V2ISQ,NO,2.5
2022-02-12 19:37,AM10,AMHJ7XVG0,AM,3.1
2022-02-12 20:10,AM03,MOJCKJLTE,MO,2.2
2022-02-12 20:34,NAO37,NAOLY8OZCY,NAO,2.5
2022-02-12 21:52,KO01,KOJDP0LVS,KO,3.4
2022-02-12 23:22,OO01,EGYTJXEPQ,EG,2.3
2022-02-12 23:39,AM05,AMLJH75LX,AM,3.6
2022-02-13 00:19,NAO19,EGYTJXEPQ,EG,2.5
2022-02-13 00:26,AM06,KOIXA11DP,KO,3.6
2022-02-13 00:35,NO10,NOQLL8OS9,NO,4.2
2022-02-13 00:51,OO10,OOZSJ49IT,OO,2.5
2022-02-13 01:10,OO02,NAOP0J43D5,NAO,2.3
2022-02-13 01:41,EG21,AMXAJI0Y6,AM,1.6
2022-02-13 01:52,NO01,NORCBPLJD,NO,3.85
2022-02-13 02:21,KO01,OO3KKV9RF,OO,3.4
2022-02-13 02:33,NAO17,OO1B0Z3NX,OO,2.5
2022-02-13 03:05,NAO18,NAOBMYOFQE,NAO,2.5
2022-02-13 04:00,EG14,EGC11ERTJ,EG,1.2
2022-02-13 04:07,AM08,AMHJ7XVG0,AM,2.8
2022-02-13 04:28,NAO20,EG7UR23GD,EG,2.5
2022-02-13 04:33,NAO25,NAO09SKDGI,NAO,2.5
2022-02-13 04:50,KO04,MOJCKJLTE,MO,2.95
2022-02-13 05:04,OO07,OO3KKV9RF,OO,1.9
2022-02-13 06:03,EG18,NAO5ZJA8DZ,NAO,2.1
2022-02-13 06:05,NO10,NOQLL8OS9,NO,4.2
2022-02-13 06:24,NO01,EGRHOCN9J,EG,3.85
2022-02-13 06:35,AM02,AMHJ7XVG0,AM,2.0
2022-02-13 06:36,NO06,NORCBPLJD,NO,3.25
2022-02-13 06:36,AM09,KOWM31YIH,KO,3.1
2022-02-13 07:09,AM04,AMLJH75LX,AM,2.2
2022-02-13 07:12,EG16,EGIGQPKI7,EG,1.2
2022-02-13 07:54,GE02,GE2IAGL58,GE,14.7
2022-02-13 07:55,EG02,EGUT0CVS4,EG,3.0
2022-02-13 08:12,NAO17,NAOBMYOFQE,NAO,2.5
2022-02-13 08:34,KO09,KONCXLL4Z,KO,2.05
2022-02-13 08:40,KO01,KONCXLL4Z,KO,3.4
2022-02-13 08:43,NO06,NOE1V2ISQ,NO,3.25
2022-02-13 08:52,NO09,EG7UR23GD,EG,4.2
2022-02-13 09:11,NAO39,AMNT3W5UZ,AM,2.5
2022-02-13 10:35,NAO04,KOIXA11DP,KO,2.5
2022-02-13 10:54,NO01,AMNT3W5UZ,AM,3.85
2022-02-13 10:55,AM09,NOQLL8OS9,NO,3.1
2022-02-13 10:59,KO03,KOJDP0LVS,KO,2.95
2022-02-13 11:07,NO10,NOX6GVWRD,NO,4.2
2022-02-13 11:08,NO04,NOX6GVWRD,NO,3.25
2022-02-13 11:19,NAO32,NORCBPLJD,NO,2.5
2022-02-13 11:22,AM05,NAOURTP0LZ,NAO,3.6
2022-02-13 11:30,OO03,KOWM31YIH,KO,2.4
2022-02-13 11:57,NAO06,NAOLY8OZCY,NAO,2.5
2022-02-13 12:05,EG22,NAO5UQPGB7,NAO,1.6
2022-02-13 12:20,NAO07,NAOP0J43D5,NAO,2.5
2022-02-13 12:26,KO05,EGF1T2TAL,EG,1.9
2022-02-13 12:31,NAO24,NAO5ZJA8DZ,NAO,2.5
2022-02-13 13:43,NAO31,GEL6246HI,GE,2.5
2022-02-13 14:15,NAO14,NAO5ZJA8DZ,NAO,2.5
2022-02-13 14:40,KO09,KONCXLL4Z,KO,2.05
2022-02-13 15:12,EG08,EGRHOCN9J,EG,1.8
2022-02-13 15:13,NAO26,EGF1T2TAL,EG,2.5
2022-02-13 15:21,NAO23,NAOHL1N13J,NAO,2.5
2022-02-13 15:37,NAO22,NAOHL1N13J,NAO,2.5
2022-02-13 15:47,NAO14,NAOHAFEYUH,NAO,2.5
2022-02-13 15:56,OO08,OOZSJ49IT,OO,1.9
2022-02-13 15:58,EG13,EGYTJXEPQ,EG,1.2
2022-02-13 16:17,AM03,AMXAJI0Y6,AM,2.2
2022-02-13 17:21,AM01,AMHJ7XVG0,AM,2.0
2022-02-13 17:57,KO04,NOE1V2ISQ,NO,2.95
2022-02-13 18:40,EG34,NAOBMYOFQE,NAO,2.0
2022-02-13 18:42,KO07,KOJDP0LVS,KO,1.85
2022-02-13 18:52,OO08,OO3KKV9RF,OO,1.9
2022-02-13 18:52,EG30,EG9CHJ755,EG,1.5
2022-02-13 18:53,EG08,EGVWPVS7H,EG,1.8
2022-02-13 19:15,AM05,AMH9SDBDW,AM,3.6
2022-02-13 19:46,EG26,KOWM31YIH,KO,1.8
2022-02-13 20:34,AM03,AMNT3W5UZ,AM,2.2
2022-02-13 20:50,OO06,EGYTJXEPQ,EG,3.5
2022-02-13 21:01,KO08,KOJDP0LVS,KO,1.85
2022-02-13 21:16,EG30,EG7UR23GD,EG,1.5
2022-02-13 21:39,NAO08,AMNT3W5UZ,AM,2.5
2022-02-13 21:56,OO01,AMLJH75LX,AM,2.3
2022-02-13 22:01,NAO07,NAO09SKDGI,NAO,2.5
2022-02-13 22:10,OO02,OOZSJ49IT,OO,2.3
2022-02-13 23:03,MO09,AMV3A3ZMF,AM,2.7
2022-02-13 23:38,NAO12,NAO09SKDGI,NAO,2.5
2022-02-14 00:58,KO03,KONCXLL4Z,KO,2.95
2022-02-14 01:00,EG30,EGUT0CVS4,EG,1.5
2022-02-14 01:28,NO09,NORCBPLJD,NO,4.2
2022-02-14 01:29,EG16,EGIGQPKI7,EG,1.2
2022-02-14 01:31,NAO09,NAO5UQPGB7,NAO,2.5
2022-02-14 01:37,EG01,EG9CHJ755,EG,3.0
2022-02-14 01:52,EG34,EGUT0CVS4,EG,2.0
2022-02-14 02:09,KO02,EGYTJXEPQ,EG,3.4
2022-02-14 02:41,OO02,NAOP0J43D5,NAO,2.3
2022-02-14 02:50,AM06,AMXAJI0Y6,AM,3.6
2022-02-14 04:03,NAO15,NOE1V2ISQ,NO,2.5
2022-02-14 04:11,KO01,KONCXLL4Z,KO,3.4
2022-02-14 04:33,OO06,MOJCKJLTE,MO,3.5
2022-02-14 04:39,OO06,OO3KKV9RF,OO,3.5
2022-02-14 04:43,KO02,NAOVZ41NAM,NAO,3.4
2022-02-14 05:02,EG09,EGIGQPKI7,EG,0.9
2022-02-14 05:12,NAO32,NAO5UQPGB7,NAO,2.5
2022-02-14 05:26,OO07,OO1B0Z3NX,OO,1.9
2022-02-14 06:05,OO09,KOWM31YIH,KO,2.5
2022-02-14 06:12,NAO37,NAOHL1N13J,NAO,2.5
2022-02-14 06:19,EG13,EGYTJXEPQ,EG,1.2
2022-02-14 06:22,NO11,NOXFGCAQV,NO,3.35
2022-02-14 07:39,MO10,EG7UR23GD,EG,2.7
2022-02-14 07:50,NAO32,NAOHL1N13J,NAO,2.5
2022-02-14 08:18,EG09,EGYTJXEPQ,EG,0.9
2022-02-14 08:25,NAO06,NAOLY8OZCY,NAO,2.5
2022-02-14 08:37,EG14,NAOHAFEYUH,NAO,1.2
2022-02-14 08:46,EG29,AMH9SDBDW,AM,1.5
2022-02-14 09:09,NAO31,NAO09SKDGI,NAO,2.5
2022-02-14 09:36,EG26,EGYTJXEPQ,EG,1.8
2022-02-14 09:37,NO10,AMV3A3ZMF,AM,4.2
2022-02-14 10:30,EG14,AMH9SDBDW,AM,1.2
2022-02-14 10:30,GE02,GEX7EEDTJ,GE,14.7
2022-02-14 10:51,NO02,NOXFGCAQV,NO,3.85
2022-02-14 10:58,EG32,NAO5ZJA8DZ,NAO,1.4
2022-02-14 11:06,EG08,EGSEIMVIH,EG,1.8
2022-02-14 11:50,KO08,NAOLY8OZCY,NAO,1.85
2022-02-14 12:01,OO01,OO7PZE9VI,OO,2.3
2022-02-14 12:08,KO09,KOWM31YIH,KO,2.05
2022-02-14 12:27,OO09,NAOURTP0LZ,NAO,2.5
2022-02-14 12:44,NAO32,NORCBPLJD,NO,2.5
2022-02-14 13:07,EG37,EGF1T2TAL,EG,1.4
2022-02-14 13:49,NO14,NOE1V2ISQ,NO,4.15
2022-02-14 13:53,NAO41,NAOHL1N13J,NAO,2.5
2022-02-14 14:31,NAO25,NAO09SKDGI,NAO,2.5
2022-02-14 14:51,NO06,NOE1V2ISQ,NO,3.25
2022-02-14 15:02,NAO33,NAOURTP0LZ,NAO,2.5
2022-02-14 15:29,KO09,KOWM31YIH,KO,2.05
2022-02-14 15:41,KO03,KOWKTAKPU,KO,2.95
2022-02-14 17:27,NAO26,KOJDP0LVS,KO,2.5
2022-02-14 17:35,OO07,NAOLY8OZCY,NAO,1.9
2022-02-14 17:44,NAO38,NAONSM43D8,NAO,2.5
2022-02-14 18:23,EG09,EGIGQPKI7,EG,0.9
2022-02-14 18:32,EG13,EGYTJXEPQ,EG,1.2
2022-02-14 18:56,NO14,NO7PTX63C,NO,4.15
2022-02-14 18:59,EG06,EGIGQPKI7,EG,1.7
2022-02-14 19:04,MO06,MOJCKJLTE,MO,2.6
2022-02-14 19:24,GE02,OO3KKV9RF,OO,14.7
2022-02-14 19:33,NAO17,OO1B0Z3NX,OO,2.5
2022-02-14 19:46,AM08,AMXAJI0Y6,AM,2.8
2022-02-14 20:27,EG20,EGSEIMVIH,EG,1.4
2022-02-14 20:54,KO08,KOIXA11DP,KO,1.85
2022-02-14 21:15,NAO41,NAOHL1N13J,NAO,2.5
2022-02-14 21:22,KO02,AMXAJI0Y6,AM,3.4
2022-02-14 21:30,AM06,AMXAJI0Y6,AM,3.6
2022-02-14 21:52,EG28,EGF1T2TAL,EG,1.4
2022-02-14 21:54,NAO33,NAOURTP0LZ,NAO,2.5
2022-02-14 22:21,KO08,KOJDP0LVS,KO,1.85
2022-02-14 22:39,NAO12,NAOURTP0LZ,NAO,2.5
2022-02-14 22:52,NAO18,NOXFGCAQV,NO,2.5
2022-02-15 00:40,MO05,NAOLY8OZCY,NAO,2.6
2022-02-15 00:56,EG09,NAOP0J43D5,NAO,0.9
2022-02-15 01:10,NAO39,NAOURTP0LZ,NAO,2.5
2022-02-15 02:03,OO02,OOZSJ49IT,OO,2.3
2022-02-15 03:28,OO09,OO1B0Z3NX,OO,2.5
2022-02-15 03:37,EG37,EGSEIMVIH,EG,1.4
2022-02-15 04:12,AM10,AMNT3W5UZ,AM,3.1
2022-02-15 04:49,AM02,AMH9SDBDW,AM,2.0
2022-02-15 04:56,NO04,EGVWPVS7H,EG,3.25
2022-02-15 04:58,NAO39,NAOURTP0LZ,NAO,2.5
2022-02-15 05:05,NAO05,EGUT0CVS4,EG,2.5
2022-02-15 05:08,NO06,NOXFGCAQV,NO,3.25
2022-02-15 05:15,EG06,EGC11ERTJ,EG,1.7
2022-02-15 05:22,NAO26,NO7PTX63C,NO,2.5
2022-02-15 05:34,AM08,OO7PZE9VI,OO,2.8
2022-02-15 06:01,NO07,NO7PTX63C,NO,3.55
2022-02-15 06:53,NAO38,NAO5ZJA8DZ,NAO,2.5
2022-02-15 07:00,NAO29,OOZSJ49IT,OO,2.5
2022-02-15 07:03,EG36,MOV86WZS3,MO,1.0
2022-02-15 07:04,AM08,KOIXA11DP,KO,2.8
2022-02-15 07:11,NO03,NOXFGCAQV,NO,3.25
2022-02-15 07:26,KO05,EGF1T2TAL,EG,1.9
2022-02-15 07:53,EG02,EGUT0CVS4,EG,3.0
2022-02-15 08:02,EG11,EGIGQPKI7,EG,0.5
2022-02-15 08:08,EG17,EG7UR23GD,EG,2.1
2022-02-15 08:10,AM03,EGC11ERTJ,EG,2.2
2022-02-15 08:13,NAO32,NAO5UQPGB7,NAO,2.5
2022-02-15 08:19,NAO21,NAOHL1N13J,NAO,2.5
2022-02-15 09:01,NO13,NO7PTX63C,NO,4.15
2022-02-15 09:09,KO03,KOJDP0LVS,KO,2.95
2022-02-15 09:34,EG15,AMHJ7XVG0,AM,1.2
2022-02-15 10:01,AM09,AMH9SDBDW,AM,3.1
2022-02-15 10:26,OO10,OOQ0OXFQ8,OO,2.5
2022-02-15 10:41,AM05,AMV3A3ZMF,AM,3.6
2022-02-15 10:47,NAO26,KOJDP0LVS,KO,2.5
2022-02-15 11:36,NAO07,AMV3A3ZMF,AM,2.5
2022-02-15 11:45,AM08,EGYTJXEPQ,EG,2.8
2022-02-15 11:59,AM04,EGVWPVS7H,EG,2.2
2022-02-15 13:49,KO01,OO3KKV9RF,OO,3.4
2022-02-15 14:04,NO14,NORCBPLJD,NO,4.15
2022-02-15 14:33,EG05,EGIGQPKI7,EG,1.7
2022-02-15 15:30,NAO01,NAOURTP0LZ,NAO,2.5
2022-02-15 15:30,OO06,OO3KKV9RF,OO,3.5
2022-02-15 15:54,AM01,AMXAJI0Y6,AM,2.0
2022-02-15 15:59,KO10,KOJDP0LVS,KO,2.05
2022-02-15 16:15,NAO15,NAOBMYOFQE,NAO,2.5
2022-02-15 16:54,AM05,AMV3A3ZMF,AM,3.6
2022-02-15 17:01,OO08,OOQ0OXFQ8,OO,1.9
2022-02-15 17:03,EG21,EG9CHJ755,EG,1.6
2022-02-15 17:11,NAO19,NOXFGCAQV,NO,2.5
2022-02-15 17:47,NAO07,AMV3A3ZMF,AM,2.5
2022-02-15 18:00,OO06,EGC11ERTJ,EG,3.5
2022-02-15 18:10,NO01,NORCBPLJD,NO,3.85
2022-02-15 19:31,NO05,EGYTJXEPQ,EG,3.25
2022-02-15 19:38,EG10,NORCBPLJD,NO,0.9
2022-02-15 19:39,AM07,AMV3A3ZMF,AM,2.8
2022-02-15 19:55,NO02,EGC11ERTJ,EG,3.85
2022-02-15 20:07,NAO18,EGF1T2TAL,EG,2.5
2022-02-15 20:11,EG04,OOZSJ49IT,OO,1.2
2022-02-15 20:31,EG36,EGUT0CVS4,EG,1.0
2022-02-15 21:05,OO08,OOZSJ49IT,OO,1.9
2022-02-15 21:06,NO05,EGVWPVS7H,EG,3.25
2022-02-15 22:41,NAO28,NAOHAFEYUH,NAO,2.5
2022-02-15 23:16,AM06,NOXFGCAQV,NO,3.6
2022-02-15 23:50,AM10,AMXAJI0Y6,AM,3.1
2022-02-15 23:54,NAO03,NAOURTP0LZ,NAO,2.5
2022-02-15 23:54,OO06,EGC11ERTJ,EG,3.5
2022-02-16 00:57,AM02,EGRHOCN9J,EG,2.0
2022-02-16 01:20,KO03,KONCXLL4Z,KO,2.95
2022-02-16 01:24,KO09,KOWM31YIH,KO,2.05
2022-02-16 01:41,KO10,NO7PTX63C,NO,2.05
2022-02-16 02:11,OO02,NAOP0J43D5,NAO,2.3
2022-02-16 03:00,NAO23,NAOLY8OZCY,NAO,2.5
2022-02-16 03:03,GE02,GE5A0L725,GE,14.7
2022-02-16 03:15,NO10,NOX6GVWRD,NO,4.2
2022-02-16 03:43,NAO05,EGUT0CVS4,EG,2.5
2022-02-16 04:15,KO05,KONCXLL4Z,KO,1.9
2022-02-16 04:27,AM05,AMHJ7XVG0,AM,3.6
2022-02-16 04:35,NAO15,NAOLY8OZCY,NAO,2.5
2022-02-16 04:35,AM04,NAOHL1N13J,NAO,2.2
2022-02-16 04:43,EG10,EG9CHJ755,EG,0.9
2022-02-16 04:44,AM02,AMHJ7XVG0,AM,2.0
2022-02-16 05:00,KO10,KONCXLL4Z,KO,2.05
2022-02-16 05:13,OO02,NAOP0J43D5,NAO,2.3
2022-02-16 05:18,NAO26,KOJDP0LVS,KO,2.5
2022-02-16 05:40,NAO11,EGSEIMVIH,EG,2.5
2022-02-16 06:03,NAO29,EGC11ERTJ,EG,2.5
2022-02-16 06:03,NAO38,NAO09SKDGI,NAO,2.5
2022-02-16 06:10,OO06,EG9CHJ755,EG,3.5
2022-02-16 06:14,EG31,NOE1V2ISQ,NO,1.4
2022-02-16 07:22,KO02,KOWM31YIH,KO,3.4
2022-02-16 07:33,NAO09,NAO5UQPGB7,NAO,2.5
2022-02-16 08:20,AM02,AMLJH75LX,AM,2.0
2022-02-16 08:23,NO05,EGYTJXEPQ,EG,3.25
2022-02-16 08:33,EG29,EGUT0CVS4,EG,1.5
2022-02-16 08:51,EG37,EGRHOCN9J,EG,1.4
2022-02-16 08:54,AM02,NO7PTX63C,NO,2.0
2022-02-16 09:26,OO03,KOWM31YIH,KO,2.4
2022-02-16 09:38,EG38,AMLJH75LX,AM,1.4
2022-02-16 10:01,NAO19,NOXFGCAQV,NO,2.5
2022-02-16 10:06,EG11,EGRHOCN9J,EG,0.5
2022-02-16 10:08,NAO34,NOXFGCAQV,NO,2.5
2022-02-16 11:35,NO05,KOWKTAKPU,KO,3.25
2022-02-16 11:39,NO09,NAOHL1N13J,NAO,4.2
2022-02-16 12:28,EG21,NOXFGCAQV,NO,1.6
2022-02-16 12:59,KO09,KOIXA11DP,KO,2.05
2022-02-16 13:43,OO06,KOJDP0LVS,KO,3.5
2022-02-16 13:55,NAO16,NAOBMYOFQE,NAO,2.5
2022-02-16 14:32,NO02,NOX6GVWRD,NO,3.85
2022-02-16 14:37,NAO34,NOXFGCAQV,NO,2.5
2022-02-16 14:39,NAO25,NAO09SKDGI,NAO,2.5
2022-02-16 14:59,NO12,NOXFGCAQV,NO,3.35
2022-02-16 15:14,OO09,KOWM31YIH,KO,2.5
2022-02-16 15:44,EG33,EGRHOCN9J,EG,2.0
2022-02-16 15:55,NO04,NOX6GVWRD,NO,3.25
2022-02-16 16:15,AM02,AMHJ7XVG0,AM,2.0
2022-02-16 17:53,NO05,NAOVZ41NAM,NAO,3.25
2022-02-16 18:28,OO06,OO3KKV9RF,OO,3.5
2022-02-16 18:49,OO02,NAO09SKDGI,NAO,2.3
2022-02-16 19:25,KO06,EGC11ERTJ,EG,1.9
2022-02-16 20:24,OO04,OO7PZE9VI,OO,2.4
2022-02-16 20:26,AM08,AMXAJI0Y6,AM,2.8
2022-02-16 20:57,EG36,OO1B0Z3NX,OO,1.0
2022-02-16 21:05,NAO05,KONCXLL4Z,KO,2.5
2022-02-16 21:25,AM03,AMH9SDBDW,AM,2.2
2022-02-16 21:30,NAO07,NAOBMYOFQE,NAO,2.5
2022-02-16 21:31,NO02,NOE1V2ISQ,NO,3.85
2022-02-16 22:13,KO07,EGC11ERTJ,EG,1.85
2022-02-16 22:15,AM06,AMNT3W5UZ,AM,3.6
2022-02-16 22:31,NAO39,NAOURTP0LZ,NAO,2.5
2022-02-16 22:44,NO01,NO7PTX63C,NO,3.85
2022-02-16 22:57,EG03,EGUT0CVS4,EG,1.2
2022-02-16 23:10,MO04,MOJCKJLTE,MO,2.1
2022-02-16 23:42,EG14,OO3KKV9RF,OO,1.2
2022-02-16 23:43,NAO05,NAOLY8OZCY,NAO,2.5
2022-02-17 00:23,NO05,EGYTJXEPQ,EG,3.25
2022-02-17 00:35,EG18,EGIGQPKI7,EG,2.1
2022-02-17 00:36,OO10,OOQ0OXFQ8,OO,2.5
2022-02-17 00:45,NAO07,NAOVZ41NAM,NAO,2.5
2022-02-17 00:53,EG15,EGF1T2TAL,EG,1.2
2022-02-17 01:43,KO03,NAOHL1N13J,NAO,2.95
2022-02-17 03:11,EG07,EGVWPVS7H,EG,1.8
2022-02-17 03:30,OO09,EGRHOCN9J,EG,2.5
2022-02-17 04:22,EG16,NAO09SKDGI,NAO,1.2
2022-02-17 04:43,AM08,OO7PZE9VI,OO,2.8
2022-02-17 05:08,NO02,NOXFGCAQV,NO,3.85
2022-02-17 05:14,NAO17,NAONSM43D8,NAO,2.5
2022-02-17 05:16,AM06,AMNT3W5UZ,AM,3.6
2022-02-17 05:30,EG06,EGUT0CVS4,EG,1.7
2022-02-17 05:39,AM03,AMH9SDBDW,AM,2.2
2022-02-17 05:43,AM05,AMV3A3ZMF,AM,3.6
2022-02-17 06:31,MO08,MOV86WZS3,MO,3.15
2022-02-17 06:32,MO10,EG7UR23GD,EG,2.7
2022-02-17 07:25,OO06,NAOHL1N13J,NAO,3.5
2022-02-17 07:32,NAO23,NAO09SKDGI,NAO,2.5
2022-02-17 07:33,AM04,AMLJH75LX,AM,2.2
2022-02-17 08:25,AM06,AMLJH75LX,AM,3.6
2022-02-17 08:35,NAO35,NAONSM43D8,NAO,2.5
2022-02-17 08:42,EG25,MOV86WZS3,MO,1.8
2022-02-17 08:47,KO04,NOE1V2ISQ,NO,2.95
2022-02-17 08:59,AM02,AMXAJI0Y6,AM,2.0
2022-02-17 09:04,EG32,NAOBMYOFQE,NAO,1.4
2022-02-17 09:29,MO09,MOJCKJLTE,MO,2.7
2022-02-17 09:43,NAO07,NAO5ZJA8DZ,NAO,2.5
2022-02-17 10:53,AM08,AMLJH75LX,AM,2.8
2022-02-17 11:23,KO04,NOE1V2ISQ,NO,2.95
2022-02-17 11:24,KO08,KOWM31YIH,KO,1.85
2022-02-17 11:30,KO10,KOIXA11DP,KO,2.05
2022-02-17 11:46,NAO04,NAOP0J43D5,NAO,2.5
2022-02-17 12:07,EG34,EGC11ERTJ,EG,2.0
2022-02-17 12:31,NAO25,NAO5ZJA8DZ,NAO,2.5
2022-02-17 12:35,NAO23,NAOLY8OZCY,NAO,2.5
2022-02-17 12:36,NAO29,NO7PTX63C,NO,2.5
2022-02-17 12:50,NO01,NOE1V2ISQ,NO,3.85
2022-02-17 13:00,NO09,NORCBPLJD,NO,4.2
2022-02-17 13:51,EG18,NAOBMYOFQE,NAO,2.1
2022-02-17 14:03,NO14,NO7PTX63C,NO,4.15
2022-02-17 14:45,OO05,NO7PTX63C,NO,3.5
2022-02-17 15:04,NAO20,NOQLL8OS9,NO,2.5
2022-02-17 15:11,KO09,KOJDP0LVS,KO,2.05
2022-02-17 15:23,EG26,EG7UR23GD,EG,1.8
2022-02-17 15:28,GE02,AMNT3W5UZ,AM,14.7
2022-02-17 15:42,EG11,EG9CHJ755,EG,0.5
2022-02-17 16:50,NO03,AMXAJI0Y6,AM,3.25
2022-02-17 17:13,EG06,NO7PTX63C,NO,1.7
2022-02-17 17:16,EG31,NAOURTP0LZ,NAO,1.4
2022-02-17 17:25,NAO19,EGYTJXEPQ,EG,2.5
2022-02-17 17:45,EG32,NAOBMYOFQE,NAO,1.4
2022-02-17 17:55,AM02,AMXAJI0Y6,AM,2.0
2022-02-17 18:05,MO12,AMH9SDBDW,AM,2.05
2022-02-17 18:13,EG14,KOWKTAKPU,KO,1.2
2022-02-17 18:35,NAO33,NAOHL1N13J,NAO,2.5
2022-02-17 18:46,OO04,OOZSJ49IT,OO,2.4
2022-02-17 18:49,GE02,NOXFGCAQV,NO,14.7
2022-02-17 18:58,OO08,EGIGQPKI7,EG,1.9
2022-02-17 19:20,NAO11,EGSEIMVIH,EG,2.5
2022-02-17 19:33,NAO03,NAOURTP0LZ,NAO,2.5
2022-02-17 20:10,NAO25,NAO5ZJA8DZ,NAO,2.5
2022-02-17 21:00,NO10,AMV3A3ZMF,AM,4.2
2022-02-17 21:01,NAO19,NAOHAFEYUH,NAO,2.5
2022-02-17 21:12,AM01,AMLJH75LX,AM,2.0
2022-02-17 21:22,MO08,MOJCKJLTE,MO,3.15
2022-02-17 21:49,NAO23,NAOLY8OZCY,NAO,2.5
2022-02-17 21:53,EG33,EGYTJXEPQ,EG,2.0
2022-02-17 22:08,EG19,EGIGQPKI7,EG,1.4
2022-02-17 22:11,OO10,OOZSJ49IT,OO,2.5
2022-02-17 22:27,EG38,GEL6246HI,GE,1.4
2022-02-17 22:38,EG09,EG9CHJ755,EG,0.9
2022-02-17 22:46,KO05,EGC11ERTJ,EG,1.9
2022-02-17 23:09,AM04,AMH9SDBDW,AM,2.2
2022-02-17 23:11,NO09,NOE1V2ISQ,NO,4.2
2022-02-17 23:31,AM10,AMNT3W5UZ,AM,3.1
2022-02-17 23:43,AM03,AMLJH75LX,AM,2.2
2022-02-18 00:16,EG15,EGVWPVS7H,EG,1.2
2022-02-18 00:17,NAO07,NAO5ZJA8DZ,NAO,2.5
2022-02-18 00:20,OO06,NAOHL1N13J,NAO,3.5
2022-02-18 00:30,AM10,NAO5ZJA8DZ,NAO,3.1
2022-02-18 00:36,EG29,EGYTJXEPQ,EG,1.5
2022-02-18 00:38,AM10,EGRHOCN9J,EG,3.1
2022-02-18 00:42,KO08,KOWM31YIH,KO,1.85
2022-02-18 01:21,EG06,EGVWPVS7H,EG,1.7
2022-02-18 01:41,AM02,NOQLL8OS9,NO,2.0
2022-02-18 01:59,OO05,OOZSJ49IT,OO,3.5
2022-02-18 02:48,AM09,AMNT3W5UZ,AM,3.1
2022-02-18 03:07,GE02,GE5A0L725,GE,14.7
2022-02-18 04:26,NAO20,EG7UR23GD,EG,2.5
2022-02-18 04:51,EG02,NAONSM43D8,NAO,3.0
2022-02-18 05:07,NAO29,NAONSM43D8,NAO,2.5
2022-02-18 06:15,NAO09,KOJDP0LVS,KO,2.5
2022-02-18 06:40,EG29,EGUT0CVS4,EG,1.5
2022-02-18 06:43,NO07,NAOP0J43D5,NAO,3.55
2022-02-18 07:08,AM06,KOIXA11DP,KO,3.6
2022-02-18 07:54,OO07,OO7PZE9VI,OO,1.9
2022-02-18 08:09,NAO01,NAOLY8OZCY,NAO,2.5
2022-02-18 08:15,NAO02,NAOP0J43D5,NAO,2.5
2022-02-18 08:35,OO01,OO1B0Z3NX,OO,2.3
2022-02-18 09:12,NAO04,KOIXA11DP,KO,2.5
2022-02-18 09:53,NAO26,EGSEIMVIH,EG,2.5
2022-02-18 10:24,NAO07,NAOURTP0LZ,NAO,2.5
2022-02-18 11:15,NO12,NOX6GVWRD,NO,3.35
2022-02-18 11:32,MO09,MOJCKJLTE,MO,2.7
2022-02-18 11:44,KO05,KOJDP0LVS,KO,1.9
2022-02-18 11:51,EG24,EGVWPVS7H,EG,1.4
2022-02-18 12:01,KO02,NAOVZ41NAM,NAO,3.4
2022-02-18 12:26,EG35,EGRHOCN9J,EG,1.0
2022-02-18 12:29,AM01,AMNT3W5UZ,AM,2.0
2022-02-18 12:46,EG07,EGVWPVS7H,EG,1.8
2022-02-18 13:06,KO09,KOWM31YIH,KO,2.05
2022-02-18 13:34,AM04,AMH9SDBDW,AM,2.2
2022-02-18 14:03,NAO39,NAOP0J43D5,NAO,2.5
2022-02-18 14:21,MO06,MOJCKJLTE,MO,2.6
2022-02-18 14:35,NAO29,NAO5UQPGB7,NAO,2.5
2022-02-18 15:21,EG36,OO1B0Z3NX,OO,1.0
2022-02-18 15:21,NO10,NAOURTP0LZ,NAO,4.2
2022-02-18 15:52,NAO31,NAOURTP0LZ,NAO,2.5
2022-02-18 16:00,NAO21,EGC11ERTJ,EG,2.5
2022-02-18 16:08,KO02,EG9CHJ755,EG,3.4
2022-02-18 16:29,EG05,EG7UR23GD,EG,1.7
2022-02-18 16:47,KO09,NAO5ZJA8DZ,NAO,2.05
2022-02-18 16:56,OO04,OO7PZE9VI,OO,2.4
2022-02-18 17:26,NO02,NOXFGCAQV,NO,3.85
2022-02-18 17:41,OO02,NAOP0J43D5,NAO,2.3
2022-02-18 18:05,OO03,OOZSJ49IT,OO,2.4
2022-02-18 18:52,EG10,NORCBPLJD,NO,0.9
2022-02-18 19:07,OO01,OO1B0Z3NX,OO,2.3
2022-02-18 20:13,NAO39,AMXAJI0Y6,AM,2.5
2022-02-18 20:48,NAO24,NAONSM43D8,NAO,2.5
2022-02-18 21:02,GE02,KOWKTAKPU,KO,14.7
2022-02-18 21:22,OO07,OO3KKV9RF,OO,1.9
2022-02-18 21:51,EG21,EGSEIMVIH,EG,1.6
2022-02-18 22:04,NAO26,NAOHAFEYUH,NAO,2.5
2022-02-18 22:05,NAO29,NAONSM43D8,NAO,2.5
2022-02-18 22:46,NO10,NO7PTX63C,NO,4.2
2022-02-18 23:42,NAO15,KOWKTAKPU,KO,2.5
2022-02-18 23:58,AM07,NAO5UQPGB7,NAO,2.8
2022-02-19 00:10,AM06,AMLJH75LX,AM,3.6
2022-02-19 00:34,KO03,NAOHL1N13J,NAO,2.95
2022-02-19 01:45,AM07,AMLJH75LX,AM,2.8
2022-02-19 01:46,NAO16,NAOBMYOFQE,NAO,2.5
2022-02-19 02:03,NAO06,NAOHAFEYUH,NAO,2.5
2022-02-19 02:04,AM02,AMV3A3ZMF,AM,2.0
2022-02-19 02:34,AM06,AMLJH75LX,AM,3.6
2022-02-19 03:29,EG36,EGC11ERTJ,EG,1.0
2022-02-19 03:52,OO04,OOZSJ49IT,OO,2.4
2022-02-19 03:56,AM08,OOZSJ49IT,OO,2.8
2022-02-19 03:58,NAO41,NAO09SKDGI,NAO,2.5
2022-02-19 04:07,AM05,NAOHAFEYUH,NAO,3.6
2022-02-19 04:14,NAO26,OO3KKV9RF,OO,2.5
2022-02-19 04:18,OO07,OOQ0OXFQ8,OO,1.9
2022-02-19 05:09,NO14,NOE1V2ISQ,NO,4.15
2022-02-19 05:19,EG18,EGIGQPKI7,EG,2.1
2022-02-19 05:20,AM06,AMLJH75LX,AM,3.6
2022-02-19 05:21,NAO31,OO7PZE9VI,OO,2.5
2022-02-19 05:52,NO02,EGC11ERTJ,EG,3.85
2022-02-19 05:52,EG01,EG9CHJ755,EG,3.0
2022-02-19 06:09,EG34,AMLJH75LX,AM,2.0
2022-02-19 06:11,KO05,OO7PZE9VI,OO,1.9
2022-02-19 06:14,NO02,NORCBPLJD,NO,3.85
2022-02-19 06:37,OO06,OO3KKV9RF,OO,3.5
2022-02-19 06:50,AM06,AMLJH75LX,AM,3.6
2022-02-19 07:03,KO04,KOWKTAKPU,KO,2.95
2022-02-19 07:43,NAO39,NAOP0J43D5,NAO,2.5
2022-02-19 07:45,OO08,MOJCKJLTE,MO,1.9
2022-02-19 07:58,NAO14,NAOHAFEYUH,NAO,2.5
2022-02-19 08:28,EG09,EGYTJXEPQ,EG,0.9
2022-02-19 09:12,NO14,NOE1V2ISQ,NO,4.15
2022-02-19 09:53,NO14,NO7PTX63C,NO,4.15
2022-02-19 09:55,NO01,NOE1V2ISQ,NO,3.85
2022-02-19 10:01,NAO22,NAOLY8OZCY,NAO,2.5
2022-02-19 11:11,EG09,EGSEIMVIH,EG,0.9
2022-02-19 11:51,NO01,NOE1V2ISQ,NO,3.85
2022-02-19 11:59,KO02,KOIXA11DP,KO,3.4
2022-02-19 12:18,EG03,EGUT0CVS4,EG,1.2
2022-02-19 12:32,AM05,AMHJ7XVG0,AM,3.6
2022-02-19 13:05,NAO37,AMNT3W5UZ,AM,2.5
2022-02-19 13:16,NO02,NAOLY8OZCY,NAO,3.85
2022-02-19 13:16,OO06,OOQ0OXFQ8,OO,3.5
2022-02-19 13:16,KO10,KONCXLL4Z,KO,2.05
2022-02-19 13:44,AM02,NOQLL8OS9,NO,2.0
2022-02-19 13:57,MO05,NAOLY8OZCY,NAO,2.6
2022-02-19 14:03,OO04,OOQ0OXFQ8,OO,2.4
2022-02-19 14:16,KO09,KONCXLL4Z,KO,2.05
2022-02-19 14:27,NO11,NOE1V2ISQ,NO,3.35
2022-02-19 15:03,OO10,OOQ0OXFQ8,OO,2.5
2022-02-19 15:08,NAO20,NAO5UQPGB7,NAO,2.5
2022-02-19 15:17,OO02,OO1B0Z3NX,OO,2.3
2022-02-19 16:10,EG19,KONCXLL4Z,KO,1.4
2022-02-19 16:42,EG10,EGF1T2TAL,EG,0.9
2022-02-19 17:10,EG32,EGF1T2TAL,EG,1.4
2022-02-19 17:32,NAO12,NAO5UQPGB7,NAO,2.5
2022-02-19 17:50,NO03,NOXFGCAQV,NO,3.25
2022-02-19 18:10,EG37,KOJDP0LVS,KO,1.4
2022-02-19 18:12,NO05,NORCBPLJD,NO,3.25
2022-02-19 18:51,OO10,EGSEIMVIH,EG,2.5
2022-02-19 19:13,KO01,KOJDP0LVS,KO,3.4
2022-02-19 19:43,AM02,AMHJ7XVG0,AM,2.0
2022-02-19 20:00,NAO03,NAOLY8OZCY,NAO,2.5
2022-02-19 20:52,KO07,AMXAJI0Y6,AM,1.85
2022-02-19 21:06,NAO16,NAOBMYOFQE,NAO,2.5
2022-02-19 21:59,KO09,NOXFGCAQV,NO,2.05
2022-02-19 22:11,EG38,EGUT0CVS4,EG,1.4
2022-02-19 22:23,OO04,OO3KKV9RF,OO,2.4
2022-02-19 22:54,EG19,EG9CHJ755,EG,1.4
2022-02-19 23:05,AM01,NAOP0J43D5,NAO,2.0
2022-02-19 23:05,OO10,OOZSJ49IT,OO,2.5
2022-02-19 23:27,AM01,EG7UR23GD,EG,2.0
2022-02-20 00:05,NO05,EGVWPVS7H,EG,3.25
2022-02-20 00:10,NAO17,OO1B0Z3NX,OO,2.5
2022-02-20 00:17,EG25,MOV86WZS3,MO,1.8
2022-02-20 00:31,MO08,MOV86WZS3,MO,3.15
2022-02-20 01:01,EG08,EGVWPVS7H,EG,1.8
2022-02-20 01:03,AM04,AMLJH75LX,AM,2.2
2022-02-20 01:07,KO10,KOJDP0LVS,KO,2.05
2022-02-20 01:10,AM06,EGVWPVS7H,EG,3.6
2022-02-20 01:15,OO10,OOQ0OXFQ8,OO,2.5
2022-02-20 01:24,EG34,EGVWPVS7H,EG,2.0
2022-02-20 01:51,NO03,NOXFGCAQV,NO,3.25
2022-02-20 03:00,NO01,OOQ0OXFQ8,OO,3.85
2022-02-20 03:37,NAO32,NAOP0J43D5,NAO,2.5
2022-02-20 03:39,EG22,EG7UR23GD,EG,1.6
2022-02-20 03:57,EG18,EGC11ERTJ,EG,2.1
2022-02-20 04:39,AM08,KOIXA11DP,KO,2.8
2022-02-20 04:41,NAO40,EGRHOCN9J,EG,2.5
2022-02-20 04:45,NO11,NOXFGCAQV,NO,3.35
2022-02-20 05:31,OO03,OO1B0Z3NX,OO,2.4
2022-02-20 05:33,MO01,NO7PTX63C,NO,1.35
2022-02-20 06:05,NO04,NOXFGCAQV,NO,3.25
2022-02-20 07:00,KO06,KONCXLL4Z,KO,1.9
2022-02-20 07:29,NO07,AMV3A3ZMF,AM,3.55
2022-02-20 08:11,KO06,KONCXLL4Z,KO,1.9
2022-02-20 08:12,OO06,OO1B0Z3NX,OO,3.5
2022-02-20 08:22,OO10,OOZSJ49IT,OO,2.5
2022-02-20 08:35,NO07,OOQ0OXFQ8,OO,3.55
2022-02-20 08:38,NAO03,NAOLY8OZCY,NAO,2.5
2022-02-20 08:48,EG38,GEL6246HI,GE,1.4
2022-02-20 08:56,NO13,EGIGQPKI7,EG,4.15
2022-02-20 09:04,KO01,KONCXLL4Z,KO,3.4
2022-02-20 09:07,OO05,OOZSJ49IT,OO,3.5
2022-02-20 09:15,NAO13,NAOHL1N13J,NAO,2.5
2022-02-20 09:37,NO01,NOX6GVWRD,NO,3.85
2022-02-20 09:45,NAO03,NAOLY8OZCY,NAO,2.5
2022-02-20 10:04,NO10,NOXFGCAQV,NO,4.2
2022-02-20 11:00,NO05,OO1B0Z3NX,OO,3.25
2022-02-20 11:19,NAO23,NAOLY8OZCY,NAO,2.5
2022-02-20 11:40,NO02,NOXFGCAQV,NO,3.85
2022-02-20 12:02,EG02,EGF1T2TAL,EG,3.0
2022-02-20 12:13,NAO29,NAONSM43D8,NAO,2.5
2022-02-20 12:56,OO06,KOJDP0LVS,KO,3.5
2022-02-20 12:56,OO06,OO3KKV9RF,OO,3.5
2022-02-20 13:11,EG15,NOXFGCAQV,NO,1.2
2022-02-20 13:16,KO08,KOIXA11DP,KO,1.85
2022-02-20 13:21,NO10,NOQLL8OS9,NO,4.2
2022-02-20 13:32,EG05,EGYTJXEPQ,EG,1.7
2022-02-20 13:33,NO01,AMNT3W5UZ,AM,3.85
2022-02-20 14:13,AM04,AMLJH75LX,AM,2.2
2022-02-20 14:58,NO13,NOE1V2ISQ,NO,4.15
2022-02-20 15:02,NO02,NOX6GVWRD,NO,3.85
2022-02-20 15:50,OO10,OOQ0OXFQ8,OO,2.5
2022-02-20 16:44,MO04,MOJCKJLTE,MO,2.1
2022-02-20 17:02,AM01,AMH9SDBDW,AM,2.0
2022-02-20 17:16,EG18,EGIGQPKI7,EG,2.1
2022-02-20 17:19,OO08,OOQ0OXFQ8,OO,1.9
2022-02-20 17:20,NAO28,AMNT3W5UZ,AM,2.5
2022-02-20 17:26,NAO31,OO7PZE9VI,OO,2.5
2022-02-20 17:31,EG08,AMXAJI0Y6,AM,1.8
2022-02-20 17:36,NO13,NAO5ZJA8DZ,NAO,4.15
2022-02-20 17:38,EG37,EGF1T2TAL,EG,1.4
2022-02-20 17:49,OO05,OO3KKV9RF,OO,3.5
2022-02-20 17:57,EG08,EGRHOCN9J,EG,1.8
2022-02-20 18:01,KO02,NAOLY8OZCY,NAO,3.4
2022-02-20 18:13,KO03,NAOBMYOFQE,NAO,2.95
2022-02-20 18:14,EG10,EGSEIMVIH,EG,0.9
2022-02-20 18:25,MO08,MOV86WZS3,MO,3.15
2022-02-20 18:43,NAO34,MOV86WZS3,MO,2.5
2022-02-20 18:50,EG06,EGVWPVS7H,EG,1.7
2022-02-20 18:51,OO07,OO1B0Z3NX,OO,1.9
2022-02-20 18:54,NO10,NOQLL8OS9,NO,4.2
2022-02-20 19:05,NAO29,NAO5UQPGB7,NAO,2.5
2022-02-20 19:21,NAO39,NAOURTP0LZ,NAO,2.5
2022-02-20 19:53,EG05,EGC11ERTJ,EG,1.7
2022-02-20 19:54,NAO32,EG7UR23GD,EG,2.5
2022-02-20 20:17,NAO08,NAO5ZJA8DZ,NAO,2.5
2022-02-20 20:31,NO02,NOXFGCAQV,NO,3.85
2022-02-20 20:44,AM02,AMH9SDBDW,AM,2.0
2022-02-20 20:55,AM08,AMHJ7XVG0,AM,2.8
2022-02-20 21:14,AM01,NAO5UQPGB7,NAO,2.0
2022-02-20 21:55,NAO32,NAO09SKDGI,NAO,2.5
2022-02-20 22:08,AM05,AMXAJI0Y6,AM,3.6
2022-02-20 22:41,KO03,KONCXLL4Z,KO,2.95
2022-02-20 22:44,EG08,AMXAJI0Y6,AM,1.8
2022-02-20 22:51,OO10,OOQ0OXFQ8,OO,2.5
2022-02-20 22:52,AM08,KOIXA11DP,KO,2.8
2022-02-20 22:55,NAO16,NAOHL1N13J,NAO,2.5
2022-02-20 23:21,NO12,MOV86WZS3,MO,3.35
2022-02-21 00:01,KO05,KOWM31YIH,KO,1.9
2022-02-21 00:12,NAO20,AMH9SDBDW,AM,2.5
2022-02-21 00:14,AM08,OO7PZE9VI,OO,2.8
2022-02-21 00:38,NAO11,NAO5UQPGB7,NAO,2.5
2022-02-21 01:08,NO11,NOE1V2ISQ,NO,3.35
2022-02-21 01:10,EG12,NAOP0J43D5,NAO,0.5
2022-02-21 01:24,OO06,EGC11ERTJ,EG,3.5
2022-02-21 01:35,NO10,OO1B0Z3NX,OO,4.2
2022-02-21 01:42,AM06,NAOBMYOFQE,NAO,3.6
2022-02-21 02:13,NAO29,OO3KKV9RF,OO,2.5
2022-02-21 02:18,NAO39,NAOP0J43D5,NAO,2.5
2022-02-21 02:32,OO09,OO1B0Z3NX,OO,2.5
2022-02-21 02:39,KO06,KONCXLL4Z,KO,1.9
2022-02-21 02:40,AM02,NAOBMYOFQE,NAO,2.0
2022-02-21 03:06,NO01,NOE1V2ISQ,NO,3.85
2022-02-21 03:11,EG22,OO7PZE9VI,OO,1.6
2022-02-21 03:15,GE02,GEX7EEDTJ,GE,14.7
2022-02-21 03:34,AM01,AMHJ7XVG0,AM,2.0
2022-02-21 03:43,NAO15,NOE1V2ISQ,NO,2.5
2022-02-21 03:43,NAO04,OOQ0OXFQ8,OO,2.5
2022-02-21 04:00,KO09,KONCXLL4Z,KO,2.05
2022-02-21 04:36,OO02,NAOP0J43D5,NAO,2.3
2022-02-21 05:11,KO03,NAOBMYOFQE,NAO,2.95
2022-02-21 05:18,NAO35,KONCXLL4Z,KO,2.5
2022-02-21 05:35,AM04,AMNT3W5UZ,AM,2.2
2022-02-21 05:46,NO10,OOQ0OXFQ8,OO,4.2
2022-02-21 05:51,EG21,EGSEIMVIH,EG,1.6
2022-02-21 05:59,KO02,OOZSJ49IT,OO,3.4
2022-02-21 06:06,OO10,AMHJ7XVG0,AM,2.5
2022-02-21 06:11,EG03,EG7UR23GD,EG,1.2
2022-02-21 06:56,NAO29,NAO5UQPGB7,NAO,2.5
2022-02-21 07:00,AM02,AMLJH75LX,AM,2.0
2022-02-21 07:04,NAO16,NAOBMYOFQE,NAO,2.5
2022-02-21 07:05,KO05,KOWM31YIH,KO,1.9
2022-02-21 07:40,EG20,EGSEIMVIH,EG,1.4
2022-02-21 07:43,OO03,OO3KKV9RF,OO,2.4
2022-02-21 07:44,NAO03,EG9CHJ755,EG,2.5
2022-02-21 08:06,OO05,OO1B0Z3NX,OO,3.5
2022-02-21 08:08,AM02,AMHJ7XVG0,AM,2.0
2022-02-21 08:44,OO03,OO1B0Z3NX,OO,2.4
2022-02-21 09:00,EG15,AMHJ7XVG0,AM,1.2
2022-02-21 09:07,OO05,OO1B0Z3NX,OO,3.5
2022-02-21 09:18,NAO21,NAO5ZJA8DZ,NAO,2.5
2022-02-21 09:24,AM08,AMXAJI0Y6,AM,2.8
2022-02-21 09:30,NAO37,AMNT3W5UZ,AM,2.5
2022-02-21 09:37,NAO04,NAO5UQPGB7,NAO,2.5
2022-02-21 09:48,NO06,EGRHOCN9J,EG,3.25
2022-02-21 10:17,EG05,EGC11ERTJ,EG,1.7
2022-02-21 10:18,AM07,AMLJH75LX,AM,2.8
2022-02-21 10:18,NAO01,NAOP0J43D5,NAO,2.5
2022-02-21 10:33,NAO38,NAO09SKDGI,NAO,2.5
2022-02-21 11:29,NAO38,NAO5ZJA8DZ,NAO,2.5
2022-02-21 11:54,EG14,OO3KKV9RF,OO,1.2
2022-02-21 12:00,EG36,NAONSM43D8,NAO,1.0
2022-02-21 12:20,NAO04,KOIXA11DP,KO,2.5
2022-02-21 12:56,OO07,OOQ0OXFQ8,OO,1.9
2022-02-21 13:24,NAO14,NAOHAFEYUH,NAO,2.5
2022-02-21 13:36,OO10,OOQ0OXFQ8,OO,2.5
2022-02-21 13:51,NAO04,NAO5UQPGB7,NAO,2.5
2022-02-21 14:00,NAO21,EGIGQPKI7,EG,2.5
2022-02-21 14:31,AM04,AMLJH75LX,AM,2.2
2022-02-21 14:32,AM08,EG9CHJ755,EG,2.8
2022-02-21 14:36,KO05,KOWM31YIH,KO,1.9
2022-02-21 15:06,NAO14,NAONSM43D8,NAO,2.5
2022-02-21 15:10,AM08,OO7PZE9VI,OO,2.8
2022-02-21 15:10,NAO06,NOQLL8OS9,NO,2.5
2022-02-21 15:13,AM06,AMH9SDBDW,AM,3.6
2022-02-21 15:16,NAO21,EGIGQPKI7,EG,2.5
2022-02-21 15:33,OO01,OOZSJ49IT,OO,2.3
2022-02-21 15:39,EG26,EG9CHJ755,EG,1.8
2022-02-21 15:53,AM03,AMH9SDBDW,AM,2.2
2022-02-21 15:54,NAO30,NAOBMYOFQE,NAO,2.5
2022-02-21 15:55,NO01,NOXFGCAQV,NO,3.85
2022-02-21 16:17,NAO21,NAOP0J43D5,NAO,2.5
2022-02-21 17:10,GE02,GEX7EEDTJ,GE,14.7
2022-02-21 17:22,MO08,MOJCKJLTE,MO,3.15
2022-02-21 17:23,NO01,NOX6GVWRD,NO,3.85
2022-02-21 17:25,KO05,KOWM31YIH,KO,1.9
2022-02-21 17:58,EG33,EG9CHJ755,EG,2.0
2022-02-21 18:17,EG29,EGC11ERTJ,EG,1.5
2022-02-21 20:00,KO08,NAOLY8OZCY,NAO,1.85
2022-02-21 20:21,EG37,EGVWPVS7H,EG,1.4
2022-02-21 20:36,NO07,NAO09SKDGI,NAO,3.55
2022-02-21 20:46,KO05,KOWM31YIH,KO,1.9
2022-02-21 21:58,MO10,EG7UR23GD,EG,2.7
2022-02-21 22:23,KO04,KOIXA11DP,KO,2.95
2022-02-21 22:33,EG33,EG9CHJ755,EG,2.0
2022-02-21 22:59,NAO08,AMNT3W5UZ,AM,2.5
2022-02-21 23:14,EG19,EGVWPVS7H,EG,1.4
2022-02-22 00:32,NAO09,NAO09SKDGI,NAO,2.5
2022-02-22 00:58,NAO29,EGC11ERTJ,EG,2.5
2022-02-22 01:08,AM08,AMNT3W5UZ,AM,2.8
2022-02-22 01:11,KO10,OO1B0Z3NX,OO,2.05
2022-02-22 01:25,NAO06,NAOLY8OZCY,NAO,2.5
2022-02-22 01:46,GE01,NAOBMYOFQE,NAO,14.7
2022-02-22 01:59,NAO21,NAOP0J43D5,NAO,2.5
2022-02-22 02:04,NO04,NOQLL8OS9,NO,3.25
2022-02-22 02:09,MO01,MOV86WZS3,MO,1.35
2022-02-22 02:34,AM07,AMLJH75LX,AM,2.8
2022-02-22 02:45,NAO06,OO7PZE9VI,OO,2.5
2022-02-22 03:15,OO03,NAOVZ41NAM,NAO,2.4
2022-02-22 03:28,NAO03,KOIXA11DP,KO,2.5
2022-02-22 03:46,NO14,EG9CHJ755,EG,4.15
2022-02-22 03:47,AM06,AMXAJI0Y6,AM,3.6
2022-02-22 04:05,MO05,NAOLY8OZCY,NAO,2.6
2022-02-22 04:13,AM04,AMH9SDBDW,AM,2.2
2022-02-22 04:14,OO05,EG9CHJ755,EG,3.5
2022-02-22 04:14,OO03,NAOVZ41NAM,NAO,2.4
2022-02-22 04:28,OO02,OO3KKV9RF,OO,2.3
2022-02-22 04:43,NAO39,NAOP0J43D5,NAO,2.5
2022-02-22 05:15,KO06,AMHJ7XVG0,AM,1.9
2022-02-22 06:26,OO09,EGRHOCN9J,EG,2.5
2022-02-22 06:34,NO01,NOX6GVWRD,NO,3.85
2022-02-22 06:40,NO12,NOQLL8OS9,NO,3.35
2022-02-22 06:57,AM04,AMLJH75LX,AM,2.2
2022-02-22 07:12,NO12,NOXFGCAQV,NO,3.35
2022-02-22 07:20,NO03,NOE1V2ISQ,NO,3.25
2022-02-22 08:23,NAO40,EGRHOCN9J,EG,2.5
2022-02-22 08:28,MO10,EG9CHJ755,EG,2.7
2022-02-22 09:12,NAO28,NOE1V2ISQ,NO,2.5
2022-02-22 09:26,AM03,AMNT3W5UZ,AM,2.2
2022-02-22 09:59,AM08,EG9CHJ755,EG,2.8
2022-02-22 10:22,KO05,KOJDP0LVS,KO,1.9
2022-02-22 10:33,OO07,EGC11ERTJ,EG,1.9
2022-02-22 10:46,EG18,NAO5ZJA8DZ,NAO,2.1
2022-02-22 10:57,NAO37,NAOLY8OZCY,NAO,2.5
2022-02-22 10:58,AM10,AMXAJI0Y6,AM,3.1
2022-02-22 11:37,OO03,OOZSJ49IT,OO,2.4
2022-02-22 12:46,EG27,EGYTJXEPQ,EG,1.4
2022-02-22 12:54,OO01,OOZSJ49IT,OO,2.3
2022-02-22 13:00,EG29,EGUT0CVS4,EG,1.5
2022-02-22 14:11,EG10,EGIGQPKI7,EG,0.9
2022-02-22 14:36,NO01,OOQ0OXFQ8,OO,3.85
2022-02-22 14:53,NAO32,NAOHAFEYUH,NAO,2.5
2022-02-22 14:57,NAO06,NOQLL8OS9,NO,2.5
2022-02-22 15:04,NO08,NORCBPLJD,NO,3.55
2022-02-22 15:15,KO10,KOWM31YIH,KO,2.05
2022-02-22 15:23,NAO32,NAO5UQPGB7,NAO,2.5
2022-02-22 15:32,NAO32,NAO5UQPGB7,NAO,2.5
2022-02-22 15:37,NAO34,NAOURTP0LZ,NAO,2.5
2022-02-22 16:18,NAO35,NAO09SKDGI,NAO,2.5
2022-02-22 17:34,KO09,KOJDP0LVS,KO,2.05
2022-02-22 17:50,KO10,KONCXLL4Z,KO,2.05
2022-02-22 18:24,KO06,NORCBPLJD,NO,1.9
2022-02-22 18:31,OO07,EGF1T2TAL,EG,1.9
2022-02-22 18:39,KO05,KOWKTAKPU,KO,1.9
2022-02-22 19:34,NO10,AMV3A3ZMF,AM,4.2
2022-02-22 19:46,EG37,NOE1V2ISQ,NO,1.4
2022-02-22 19:49,KO06,KONCXLL4Z,KO,1.9
2022-02-22 20:08,NO10,NAOP0J43D5,NAO,4.2
2022-02-22 21:18,OO10,NAO09SKDGI,NAO,2.5
2022-02-22 21:33,NO05,AMNT3W5UZ,AM,3.25
2022-02-22 21:34,EG34,EGIGQPKI7,EG,2.0
2022-02-22 21:43,OO08,EGIGQPKI7,EG,1.9
2022-02-22 21:58,EG11,EG9CHJ755,EG,0.5
2022-02-22 22:00,NO04,NOXFGCAQV,NO,3.25
2022-02-22 22:02,OO04,OOZSJ49IT,OO,2.4
2022-02-22 22:08,NO01,NO7PTX63C,NO,3.85
2022-02-22 22:17,EG22,EGVWPVS7H,EG,1.6
2022-02-22 22:46,KO06,AMHJ7XVG0,AM,1.9
2022-02-22 23:20,NAO07,NAOURTP0LZ,NAO,2.5
2022-02-22 23:20,NAO26,NO7PTX63C,NO,2.5
2022-02-22 23:25,EG02,EGF1T2TAL,EG,3.0
2022-02-23 00:07,NO05,EGVWPVS7H,EG,3.25
2022-02-23 00:37,NAO33,NAOURTP0LZ,NAO,2.5
2022-02-23 02:05,NO01,NOE1V2ISQ,NO,3.85
2022-02-23 02:09,EG31,OOQ0OXFQ8,OO,1.4
2022-02-23 02:26,KO10,KOIXA11DP,KO,2.05
2022-02-23 02:35,OO09,KOWM31YIH,KO,2.5
2022-02-23 02:44,NO03,NOXFGCAQV,NO,3.25
2022-02-23 03:07,EG08,AMXAJI0Y6,AM,1.8
2022-02-23 03:25,OO10,OOQ0OXFQ8,OO,2.5
2022-02-23 03:41,AM05,AMLJH75LX,AM,3.6
2022-02-23 03:51,NAO35,NAO09SKDGI,NAO,2.5
2022-02-23 04:42,NO10,NOXFGCAQV,NO,4.2
2022-02-23 05:11,OO03,OOZSJ49IT,OO,2.4
2022-02-23 05:49,NAO09,NAONSM43D8,NAO,2.5
2022-02-23 06:01,NO01,NO7PTX63C,NO,3.85
2022-02-23 06:29,EG14,NAOHAFEYUH,NAO,1.2
2022-02-23 06:56,NAO35,NAO5ZJA8DZ,NAO,2.5
2022-02-23 07:02,AM02,AMNT3W5UZ,AM,2.0
2022-02-23 07:37,EG07,EGUT0CVS4,EG,1.8
2022-02-23 08:32,AM01,EGRHOCN9J,EG,2.0
2022-02-23 09:12,NO10,OO1B0Z3NX,OO,4.2
2022-02-23 10:14,NAO30,NAOP0J43D5,NAO,2.5
2022-02-23 10:15,KO08,KOWM31YIH,KO,1.85
2022-02-23 10:24,NAO26,EGSEIMVIH,EG,2.5
2022-02-23 10:32,EG19,OO7PZE9VI,OO,1.4
2022-02-23 10:56,KO08,KOWM31YIH,KO,1.85
2022-02-23 11:07,KO07,KONCXLL4Z,KO,1.85
2022-02-23 11:28,OO02,OO1B0Z3NX,OO,2.3
2022-02-23 11:47,NAO15,KOWKTAKPU,KO,2.5
2022-02-23 12:05,EG03,EGC11ERTJ,EG,1.2
2022-02-23 12:24,EG16,EGIGQPKI7,EG,1.2
2022-02-23 12:28,NO05,EGVWPVS7H,EG,3.25
2022-02-23 12:43,AM08,EGYTJXEPQ,EG,2.8
2022-02-23 12:43,NAO17,OO1B0Z3NX,OO,2.5
2022-02-23 13:00,AM03,AMLJH75LX,AM,2.2
2022-02-23 13:33,KO07,KOJDP0LVS,KO,1.85
2022-02-23 14:05,NO04,EGVWPVS7H,EG,3.25
2022-02-23 14:15,NAO21,NAOHAFEYUH,NAO,2.5
2022-02-23 14:25,EG17,EGYTJXEPQ,EG,2.1
2022-02-23 14:33,GE02,EGVWPVS7H,EG,14.7
2022-02-23 14:44,EG10,EGVWPVS7H,EG,0.9
2022-02-23 14:57,AM05,AMV3A3ZMF,AM,3.6
2022-02-23 15:13,EG36,EGF1T2TAL,EG,1.0
2022-02-23 15:57,EG36,EGUT0CVS4,EG,1.0
2022-02-23 16:42,KO10,KONCXLL4Z,KO,2.05
2022-02-23 16:47,MO03,MOJCKJLTE,MO,2.1
2022-02-23 17:29,AM06,NOXFGCAQV,NO,3.6
2022-02-23 18:18,KO05,KONCXLL4Z,KO,1.9
2022-02-23 18:27,EG35,NAOP0J43D5,NAO,1.0
2022-02-23 20:15,EG34,EGC11ERTJ,EG,2.0
2022-02-23 20:47,OO03,AMXAJI0Y6,AM,2.4
2022-02-23 20:54,NAO22,NAO5ZJA8DZ,NAO,2.5
2022-02-23 21:05,NAO05,KONCXLL4Z,KO,2.5
2022-02-23 21:13,NAO33,NAOP0J43D5,NAO,2.5
2022-02-23 21:27,NO03,AMXAJI0Y6,AM,3.25
2022-02-23 21:29,KO01,KONCXLL4Z,KO,3.4
2022-02-23 21:55,NAO24,NORCBPLJD,NO,2.5
2022-02-23 22:12,NAO07,NAOURTP0LZ,NAO,2.5
2022-02-23 22:48,EG21,EG7UR23GD,EG,1.6
2022-02-23 23:02,NAO39,AMNT3W5UZ,AM,2.5
2022-02-23 23:16,NO10,NOQLL8OS9,NO,4.2
2022-02-23 23:19,KO03,KOJDP0LVS,KO,2.95
2022-02-23 23:42,EG21,EGF1T2TAL,EG,1.6
2022-02-24 00:00,AM07,AMLJH75LX,AM,2.8
2022-02-24 00:16,AM08,AMXAJI0Y6,AM,2.8
2022-02-24 00:24,EG27,EGYTJXEPQ,EG,1.4
